{"cameraMode":{"drawMode":0,"name":"Shaded","section":"Shading Mode"},"sceneLighting":true,"audioPlay":false,"sceneViewState":{"m_AlwaysRefresh":false,"showFog":true,"showSkybox":true,"showFlares":true,"showImageEffects":true,"showParticleSystems":true,"showVisualEffectGraphs":true,"m_FxEnabled":true},"in2DMode":false,"pivot":{"x":-1.7593984603881837,"y":-0.7984895706176758,"z":1.3375293016433716},"rotation":{"x":-0.6887282729148865,"y":0.0030195992439985277,"z":0.0014519869582727552,"w":-0.7252264618873596},"size":1.9293283224105836,"orthographic":true}